file,species
da9ef7858.png,Charlock
d2f422ccb.png,Common Chickweed
6da892be6.png,Small-flowered Cranesbill
2126dc71b.png,Common Chickweed
c7051c902.png,Shepherds Purse
0f6cbe5e8.png,Maize
0ee4ad224.png,Scentless Mayweed
8e4eaeec0.png,Common Chickweed
809eb0b82.png,Charlock
20f983a71.png,Fat Hen
a83820a2c.png,Sugar beet
ef02b4ee7.png,Sugar beet
9c8b08a24.png,Loose Silky-bent
5eb9c26a6.png,Loose Silky-bent
7f9e9565d.png,Scentless Mayweed
063363305.png,Small-flowered Cranesbill
cfd8165e9.png,Charlock
d6d80a321.png,Scentless Mayweed
ffc6f8527.png,Common wheat
8104422bb.png,Common Chickweed
d6d31dcbe.png,Scentless Mayweed
e471f1d3a.png,Charlock
87608f7aa.png,Charlock
eaf0815e2.png,Small-flowered Cranesbill
974959ec1.png,Common wheat
fdea6b119.png,Common wheat
24c94a6ca.png,Sugar beet
dfb1d9012.png,Loose Silky-bent
6b9d6f8c9.png,Sugar beet
ab0f67743.png,Loose Silky-bent
03ef36742.png,Scentless Mayweed
ef3e232ad.png,Common Chickweed
61dd2cdc5.png,Common wheat
2d992d1fb.png,Loose Silky-bent
e5e3dccff.png,Common wheat
a4b61a4ea.png,Loose Silky-bent
2bd74d2da.png,Loose Silky-bent
a35fd6fbb.png,Common Chickweed
23e480e64.png,Shepherds Purse
36ed4f215.png,Common Chickweed
953496deb.png,Fat Hen
8e2e5604e.png,Sugar beet
5b3000b9a.png,Maize
8cf2e3e6c.png,Common Chickweed
f593c9cf0.png,Sugar beet
8916793ce.png,Small-flowered Cranesbill
e0ec5b6a1.png,Sugar beet
c832e4302.png,Fat Hen
9aa5587fe.png,Loose Silky-bent
eef131644.png,Loose Silky-bent
d350a25fa.png,Common Chickweed
cc3d2a59a.png,Sugar beet
ae90f2827.png,Common Chickweed
50de8a115.png,Shepherds Purse
897e5a8de.png,Cleavers
6db684fff.png,Common Chickweed
653193c1a.png,Common wheat
699d3c707.png,Sugar beet
241e6935a.png,Sugar beet
f6d250856.png,Shepherds Purse
bb1c84bbc.png,Loose Silky-bent
b026bf8ca.png,Loose Silky-bent
df7cb5f87.png,Common Chickweed
df521c0c0.png,Loose Silky-bent
ef7a5651d.png,Scentless Mayweed
1d0cbd819.png,Loose Silky-bent
9fab816f2.png,Fat Hen
3ebbe9ca4.png,Charlock
87f627bf9.png,Common Chickweed
f3fcfff1b.png,Charlock
3281183f9.png,Scentless Mayweed
9c777333d.png,Common Chickweed
39d569be4.png,Loose Silky-bent
69d1669f8.png,Charlock
d0cdc768f.png,Common wheat
aee6fa3df.png,Loose Silky-bent
bf3924a57.png,Common Chickweed
97b2f0a10.png,Small-flowered Cranesbill
e7077322d.png,Scentless Mayweed
1d321253f.png,Fat Hen
98062cd87.png,Shepherds Purse
03e322a29.png,Small-flowered Cranesbill
963544aa0.png,Loose Silky-bent
599c82eea.png,Loose Silky-bent
b5c7fd009.png,Loose Silky-bent
d17f48d3b.png,Shepherds Purse
52a87abe5.png,Fat Hen
fda39e16f.png,Loose Silky-bent
ec08a5d56.png,Small-flowered Cranesbill
f4caf74f9.png,Charlock
4b155fb07.png,Maize
976e4e079.png,Common Chickweed
4e1190d78.png,Loose Silky-bent
8b27bfd2b.png,Small-flowered Cranesbill
2ea664465.png,Sugar beet
41e07778c.png,Cleavers
071cb3ece.png,Sugar beet
8e3ed0a25.png,Small-flowered Cranesbill
a0b393945.png,Small-flowered Cranesbill
5c3cd7ea2.png,Scentless Mayweed
32a8c8a1d.png,Loose Silky-bent
0086a6340.png,Common Chickweed
456d507c0.png,Cleavers
24dbc3b21.png,Sugar beet
3f64c2c1b.png,Common wheat
fa9f3a8f9.png,Cleavers
f66ae4070.png,Maize
13b9fa92d.png,Sugar beet
5dcad9a53.png,Small-flowered Cranesbill
3efa1f66c.png,Loose Silky-bent
99036c51d.png,Loose Silky-bent
752101fdf.png,Small-flowered Cranesbill
0fb233ad6.png,Small-flowered Cranesbill
33317fc2a.png,Fat Hen
41f1c3cdb.png,Fat Hen
65e262a6d.png,Charlock
e19673dc9.png,Charlock
93079d970.png,Sugar beet
bdde957ec.png,Scentless Mayweed
dc55449b2.png,Cleavers
523e5505c.png,Fat Hen
e82017baa.png,Loose Silky-bent
c50335991.png,Fat Hen
17d5e5ac4.png,Loose Silky-bent
fb022edf9.png,Fat Hen
fd925f542.png,Common Chickweed
2693e5c65.png,Maize
2e86f1085.png,Fat Hen
969a851be.png,Scentless Mayweed
2f0004a7f.png,Common wheat
780defa2e.png,Common Chickweed
a55d26a4c.png,Common Chickweed
e5881dd33.png,Fat Hen
b215531dd.png,Cleavers
4049a6ea6.png,Loose Silky-bent
0751c0bbc.png,Sugar beet
55fed435f.png,Maize
808578ed5.png,Charlock
d5f7dd60a.png,Scentless Mayweed
74d810f87.png,Loose Silky-bent
0a64e3e6c.png,Loose Silky-bent
33448fe39.png,Loose Silky-bent
8c9953903.png,Sugar beet
e84464f5a.png,Cleavers
a3b375b34.png,Loose Silky-bent
33748968f.png,Cleavers
c069fc3fa.png,Fat Hen
592473c83.png,Loose Silky-bent
8d6acbe9b.png,Common Chickweed
19b51843a.png,Fat Hen
9df3275da.png,Small-flowered Cranesbill
0ebf8f2f4.png,Maize
e9d48d664.png,Shepherds Purse
7f31c7f42.png,Loose Silky-bent
23bc8ec4f.png,Common Chickweed
754b1adf8.png,Small-flowered Cranesbill
8d6991365.png,Loose Silky-bent
8a8d6c712.png,Cleavers
099b961ec.png,Shepherds Purse
406162ef9.png,Charlock
f4e7733d4.png,Small-flowered Cranesbill
bebcaab66.png,Scentless Mayweed
e5297b675.png,Loose Silky-bent
cd6adba97.png,Small-flowered Cranesbill
8bc0261c9.png,Loose Silky-bent
e73e308be.png,Fat Hen
4ea7493d5.png,Sugar beet
8e29abce1.png,Shepherds Purse
085974290.png,Sugar beet
d41d87796.png,Scentless Mayweed
d563be369.png,Fat Hen
97844bfd5.png,Shepherds Purse
837ac0270.png,Scentless Mayweed
66ab0e8d0.png,Charlock
1926e82fd.png,Loose Silky-bent
adb7a032c.png,Loose Silky-bent
589e643b8.png,Shepherds Purse
b9062c1c8.png,Small-flowered Cranesbill
c64370a72.png,Sugar beet
fda0b5c38.png,Fat Hen
d668409ff.png,Loose Silky-bent
b0acaff4a.png,Loose Silky-bent
827279bad.png,Scentless Mayweed
a254d71f6.png,Loose Silky-bent
b7192c70f.png,Loose Silky-bent
7b21ba6ba.png,Sugar beet
ac75d3326.png,Loose Silky-bent
cf46d09c5.png,Common Chickweed
d102e1a15.png,Charlock
856f2910a.png,Small-flowered Cranesbill
d2f0f326e.png,Charlock
e80a259c5.png,Small-flowered Cranesbill
e1abb4ff9.png,Sugar beet
f8318faf1.png,Shepherds Purse
647689543.png,Loose Silky-bent
a7bd7cadb.png,Fat Hen
c7eb96871.png,Common wheat
dabea05f4.png,Loose Silky-bent
593896f83.png,Common Chickweed
9b9911f20.png,Shepherds Purse
c6c8d4ba0.png,Loose Silky-bent
2a5064f19.png,Common wheat
c2de6020a.png,Small-flowered Cranesbill
fea3da57c.png,Sugar beet
c5e88cd42.png,Common Chickweed
785a73ab8.png,Common Chickweed
dcd7ff249.png,Scentless Mayweed
2d5058a59.png,Common Chickweed
39858776a.png,Cleavers
ef74dbcad.png,Scentless Mayweed
25cf6eb73.png,Maize
122913909.png,Maize
8170d33c1.png,Maize
bb1d1bfd3.png,Cleavers
9c32a797e.png,Cleavers
b3e08b037.png,Fat Hen
78750e0ff.png,Charlock
f23faf9c1.png,Loose Silky-bent
da5255450.png,Common Chickweed
efe19dc32.png,Charlock
3185294c8.png,Scentless Mayweed
995c7ab1e.png,Loose Silky-bent
82b5f4d33.png,Shepherds Purse
74068643d.png,Loose Silky-bent
55920f07f.png,Maize
6dd095129.png,Common Chickweed
592cc5b89.png,Loose Silky-bent
a544fc46d.png,Scentless Mayweed
4f83143e1.png,Maize
e1809cef2.png,Loose Silky-bent
14bb43eee.png,Common wheat
2df78338c.png,Common Chickweed
e98e5d1d5.png,Black-grass
9516e56c4.png,Loose Silky-bent
fc3e58836.png,Scentless Mayweed
e19ad6ac9.png,Charlock
0021e90e4.png,Small-flowered Cranesbill
a8388a37f.png,Fat Hen
4f44ca525.png,Common Chickweed
b4c3df835.png,Scentless Mayweed
cadab6616.png,Shepherds Purse
65d08b894.png,Sugar beet
377283a21.png,Maize
29bab7cad.png,Common Chickweed
a93f940d6.png,Scentless Mayweed
03566743d.png,Fat Hen
ede6b84b4.png,Cleavers
d689256be.png,Fat Hen
24d78df74.png,Common Chickweed
406ecb5c5.png,Charlock
26852751a.png,Charlock
46c14fde2.png,Loose Silky-bent
2ff5cb348.png,Sugar beet
abc331628.png,Common wheat
35cf9fa01.png,Shepherds Purse
3dd52bd2a.png,Small-flowered Cranesbill
043449b0b.png,Sugar beet
4b032563b.png,Shepherds Purse
8a4d3a1b1.png,Loose Silky-bent
d89db156f.png,Small-flowered Cranesbill
1e095a7e1.png,Small-flowered Cranesbill
16467a950.png,Loose Silky-bent
fba8fc78a.png,Loose Silky-bent
22e79540f.png,Cleavers
d09275360.png,Sugar beet
24d36c52c.png,Common Chickweed
00d090cde.png,Loose Silky-bent
fea355851.png,Loose Silky-bent
d9c50616e.png,Sugar beet
93d76fd5d.png,Small-flowered Cranesbill
17a78fb44.png,Common wheat
20e562fd5.png,Sugar beet
29ce426a1.png,Shepherds Purse
8f523520c.png,Shepherds Purse
e5368474f.png,Scentless Mayweed
36d62bf36.png,Common wheat
f9ea23fb5.png,Fat Hen
c74c5b7fc.png,Shepherds Purse
8ece6efec.png,Scentless Mayweed
b47691c08.png,Scentless Mayweed
35a90f8d0.png,Scentless Mayweed
c7ae30f3a.png,Scentless Mayweed
5779fe8b4.png,Fat Hen
948cdb277.png,Cleavers
486e59179.png,Common Chickweed
f4ad9d950.png,Sugar beet
afa446484.png,Small-flowered Cranesbill
ab35453cb.png,Cleavers
ace8761dd.png,Common Chickweed
06d12f6fa.png,Shepherds Purse
1fefb54b7.png,Fat Hen
78c5fba1d.png,Sugar beet
35ebe165c.png,Loose Silky-bent
0ae6668fa.png,Loose Silky-bent
02cfeb38d.png,Loose Silky-bent
9643fc5f4.png,Charlock
56a01b835.png,Cleavers
5ca0205f9.png,Charlock
502dff972.png,Small-flowered Cranesbill
9b4800b42.png,Charlock
2b55a2da2.png,Charlock
d09d24c58.png,Loose Silky-bent
da231c97f.png,Scentless Mayweed
892e9d6c6.png,Scentless Mayweed
5bc6595f6.png,Maize
f4234cf4f.png,Fat Hen
dabe3e5be.png,Small-flowered Cranesbill
dc4cd56a3.png,Loose Silky-bent
25a4c427e.png,Loose Silky-bent
4bcdaa5e2.png,Charlock
32c86784b.png,Common Chickweed
5883b423d.png,Scentless Mayweed
429211ee6.png,Sugar beet
afcf6abd5.png,Small-flowered Cranesbill
6edc76e7c.png,Fat Hen
780bd2a2c.png,Sugar beet
5b3beec58.png,Loose Silky-bent
04814f36d.png,Scentless Mayweed
f351ce097.png,Loose Silky-bent
9baf94467.png,Sugar beet
659412b1a.png,Loose Silky-bent
711b46fba.png,Common Chickweed
af45e222a.png,Scentless Mayweed
4287d810c.png,Common Chickweed
fadc6adbc.png,Charlock
cbba27d89.png,Maize
44e8b8833.png,Small-flowered Cranesbill
3eda9cbb6.png,Scentless Mayweed
686dc7ec8.png,Loose Silky-bent
78b1bf91a.png,Sugar beet
ef65533d5.png,Black-grass
9a3f20121.png,Loose Silky-bent
c85ef220d.png,Shepherds Purse
96ecad7a1.png,Small-flowered Cranesbill
ce3d280eb.png,Common Chickweed
808cf55c6.png,Fat Hen
a74bf916d.png,Shepherds Purse
3d65168c2.png,Common Chickweed
eec1079a1.png,Charlock
3e9f41817.png,Loose Silky-bent
9cce7328c.png,Loose Silky-bent
c63da993b.png,Sugar beet
b687160f5.png,Small-flowered Cranesbill
a74d475c2.png,Common Chickweed
6be169e41.png,Shepherds Purse
b39c71707.png,Maize
be2499cf4.png,Loose Silky-bent
c88ebfb47.png,Small-flowered Cranesbill
24a058589.png,Charlock
599691cd9.png,Small-flowered Cranesbill
558aa7deb.png,Loose Silky-bent
a800caead.png,Sugar beet
64fe8beb9.png,Scentless Mayweed
37e545a60.png,Common Chickweed
e88bf0db9.png,Small-flowered Cranesbill
a8c8a1db0.png,Shepherds Purse
1459e96a0.png,Charlock
b98327bf4.png,Scentless Mayweed
4c5ab9b68.png,Cleavers
43ede9de9.png,Charlock
205df1df3.png,Fat Hen
756dd5070.png,Common Chickweed
5bbc0a255.png,Common Chickweed
550a8b7e6.png,Small-flowered Cranesbill
9d79a1f0c.png,Small-flowered Cranesbill
2d9c798f9.png,Small-flowered Cranesbill
3abb502fb.png,Loose Silky-bent
3a909ead8.png,Small-flowered Cranesbill
df11d56a7.png,Sugar beet
3bbef3ecb.png,Scentless Mayweed
31fcdc161.png,Maize
71334c634.png,Maize
9c0c5b731.png,Loose Silky-bent
288564c76.png,Sugar beet
0625f063b.png,Shepherds Purse
a85fc8c9a.png,Small-flowered Cranesbill
dce2f6612.png,Common Chickweed
86676d627.png,Fat Hen
248436078.png,Cleavers
d01873fdd.png,Loose Silky-bent
19fdf19fb.png,Common wheat
05341a8a6.png,Scentless Mayweed
8303b27ed.png,Loose Silky-bent
00c47e980.png,Sugar beet
47f9e5d91.png,Common Chickweed
ff65bc002.png,Charlock
26e7ae885.png,Fat Hen
3fbf1a417.png,Cleavers
53ceb4657.png,Common Chickweed
6c874918c.png,Loose Silky-bent
c60e91e07.png,Loose Silky-bent
f1e87cba7.png,Loose Silky-bent
8dbb8e1b9.png,Charlock
0bf7bfb05.png,Loose Silky-bent
a2b703e21.png,Small-flowered Cranesbill
506347cfe.png,Scentless Mayweed
6ba4ef411.png,Cleavers
48ef6a2ff.png,Fat Hen
79dafec17.png,Loose Silky-bent
fe29629fb.png,Loose Silky-bent
4823c3ffa.png,Loose Silky-bent
01291174f.png,Fat Hen
8a32d0bfa.png,Small-flowered Cranesbill
d2fd9df40.png,Loose Silky-bent
61b044411.png,Loose Silky-bent
65e97117e.png,Loose Silky-bent
cae684f8f.png,Charlock
5bdcfa329.png,Loose Silky-bent
a890ac088.png,Charlock
ad12382d4.png,Loose Silky-bent
90b595f12.png,Common Chickweed
338c7e907.png,Charlock
fe9e87b78.png,Scentless Mayweed
9d3cb4745.png,Fat Hen
a169b71e7.png,Charlock
cbe761896.png,Charlock
79d93bc96.png,Scentless Mayweed
60f0bc617.png,Small-flowered Cranesbill
e6f1211a2.png,Sugar beet
d6c8c3c48.png,Small-flowered Cranesbill
7696badea.png,Loose Silky-bent
59358cd44.png,Small-flowered Cranesbill
223e4af09.png,Charlock
b7ad92859.png,Shepherds Purse
1758a1baf.png,Common Chickweed
800a8c17e.png,Fat Hen
7d22abf91.png,Scentless Mayweed
be341dbdc.png,Loose Silky-bent
c75a82234.png,Scentless Mayweed
32b42c120.png,Small-flowered Cranesbill
bb7621cb3.png,Fat Hen
8c98a6e9b.png,Loose Silky-bent
835dc5447.png,Small-flowered Cranesbill
7c85b0265.png,Loose Silky-bent
618de3d7a.png,Charlock
534e74d83.png,Maize
958bb9e96.png,Charlock
5a38ac566.png,Loose Silky-bent
3edf5e9ef.png,Loose Silky-bent
39b740f7e.png,Loose Silky-bent
e9cd91682.png,Common Chickweed
a8da9c08d.png,Charlock
c35efa095.png,Scentless Mayweed
490c4f9c8.png,Fat Hen
3827436f3.png,Common Chickweed
5817b766d.png,Shepherds Purse
4ac29bbf0.png,Common Chickweed
6908fb540.png,Sugar beet
1b490196c.png,Shepherds Purse
728eabae1.png,Charlock
7cabd68cc.png,Loose Silky-bent
59e1cea8d.png,Cleavers
55251925f.png,Common Chickweed
edfdb4aeb.png,Scentless Mayweed
71e73a8a0.png,Sugar beet
862b8e7a0.png,Sugar beet
ef9676433.png,Charlock
86c309150.png,Sugar beet
1f5e5554e.png,Charlock
fa5fd1384.png,Shepherds Purse
a2c89c367.png,Charlock
e4d5ec761.png,Loose Silky-bent
f48916a8c.png,Scentless Mayweed
187668bde.png,Scentless Mayweed
76555b064.png,Loose Silky-bent
bea23d9f8.png,Scentless Mayweed
2f246d688.png,Small-flowered Cranesbill
da713c465.png,Loose Silky-bent
b2706e2b3.png,Loose Silky-bent
fd87b36ae.png,Loose Silky-bent
59b2c6f2b.png,Shepherds Purse
279df95f2.png,Sugar beet
aaf4da98f.png,Sugar beet
8b9144917.png,Common Chickweed
31f3dd81f.png,Loose Silky-bent
a0f37c726.png,Small-flowered Cranesbill
b30ab4659.png,Charlock
bfab3e3d0.png,Sugar beet
b29339405.png,Loose Silky-bent
5b63dcc21.png,Common Chickweed
1f3f44563.png,Maize
4e69d100a.png,Small-flowered Cranesbill
34dd57ca9.png,Loose Silky-bent
22fbf13d6.png,Loose Silky-bent
53e6e9000.png,Common wheat
1cfd91582.png,Charlock
da4ed3a28.png,Charlock
52dc7a4d6.png,Common Chickweed
7f46a71db.png,Sugar beet
b828443ff.png,Maize
239bdf640.png,Charlock
444473900.png,Fat Hen
5ee9d0a5b.png,Loose Silky-bent
7e9cf1c46.png,Scentless Mayweed
e4a76885b.png,Maize
7691014a1.png,Charlock
a276c65f7.png,Loose Silky-bent
060f1dc84.png,Charlock
ce42adffb.png,Loose Silky-bent
79fba50db.png,Common Chickweed
172f9b10b.png,Shepherds Purse
48231e475.png,Scentless Mayweed
8ab8a958b.png,Fat Hen
cb496f36e.png,Loose Silky-bent
1623fb9e1.png,Fat Hen
d0152bd7c.png,Fat Hen
3526b05cc.png,Scentless Mayweed
bf66b9cd2.png,Maize
c1ecff98b.png,Loose Silky-bent
55a852f40.png,Common Chickweed
c5078bac5.png,Loose Silky-bent
0d31e6602.png,Small-flowered Cranesbill
177d7e2a4.png,Common Chickweed
c7b07431e.png,Scentless Mayweed
b573b7a56.png,Loose Silky-bent
1694a70e4.png,Scentless Mayweed
8ca6140ca.png,Loose Silky-bent
a5db42f7d.png,Maize
fea1d13d6.png,Shepherds Purse
604dd663f.png,Shepherds Purse
98da6ef4e.png,Scentless Mayweed
b3d6fdb80.png,Shepherds Purse
a8b431a3e.png,Sugar beet
fc6f686fb.png,Sugar beet
73260a4ee.png,Fat Hen
b7a7f6390.png,Fat Hen
e921021a8.png,Fat Hen
bd72d4d8a.png,Scentless Mayweed
1f290e016.png,Common Chickweed
67ce3eaa6.png,Small-flowered Cranesbill
115f93ecc.png,Loose Silky-bent
88d8a4508.png,Cleavers
f4021df6c.png,Scentless Mayweed
b6f3d8b5d.png,Scentless Mayweed
d8f4923f8.png,Common Chickweed
4a337a4a9.png,Fat Hen
6049234e6.png,Fat Hen
c26ccf73c.png,Common Chickweed
a9d2eab61.png,Loose Silky-bent
866be78b0.png,Common Chickweed
a006a475c.png,Shepherds Purse
a8de7c1b7.png,Loose Silky-bent
aa7d098d1.png,Common Chickweed
a935ca110.png,Loose Silky-bent
71b232519.png,Loose Silky-bent
c4ed8ed38.png,Charlock
9326bda1b.png,Scentless Mayweed
668c1007c.png,Charlock
29f49cd0b.png,Common wheat
a1e0a6c02.png,Cleavers
bb20fce02.png,Scentless Mayweed
20ea96bcc.png,Fat Hen
615d2b0a9.png,Sugar beet
19e58cc5e.png,Common Chickweed
824f5d4e5.png,Sugar beet
c0d9e170b.png,Small-flowered Cranesbill
8585f9718.png,Loose Silky-bent
721be0a4a.png,Loose Silky-bent
cd5f0db1c.png,Small-flowered Cranesbill
e3f50adfc.png,Cleavers
2a667e099.png,Fat Hen
16fd2e01a.png,Small-flowered Cranesbill
e96e57a90.png,Shepherds Purse
6edb96d45.png,Cleavers
8455169fe.png,Common wheat
37c3108d6.png,Shepherds Purse
f2dc546ca.png,Cleavers
b1cd2a91e.png,Charlock
bb64660b7.png,Sugar beet
30ad31220.png,Charlock
d488a4fe1.png,Fat Hen
410e6f702.png,Small-flowered Cranesbill
48d97c645.png,Small-flowered Cranesbill
7fdb7202d.png,Scentless Mayweed
67e185673.png,Small-flowered Cranesbill
75cb95e91.png,Charlock
0e8492cb1.png,Maize
148bbda66.png,Charlock
42e7ed442.png,Shepherds Purse
5ca2687a4.png,Maize
d14aa43f3.png,Small-flowered Cranesbill
cc74feadc.png,Common wheat
1d48b7564.png,Loose Silky-bent
d3331e071.png,Fat Hen
6680836dd.png,Sugar beet
79e5ea8fa.png,Loose Silky-bent
3f92d8039.png,Loose Silky-bent
590f5aea6.png,Charlock
8874bba69.png,Loose Silky-bent
0d117d910.png,Common Chickweed
16357b436.png,Loose Silky-bent
258b1183c.png,Charlock
b4f7c9214.png,Loose Silky-bent
026716f9b.png,Loose Silky-bent
71f5323c5.png,Loose Silky-bent
089ad62a7.png,Common Chickweed
07e62f903.png,Maize
1be0713da.png,Cleavers
e901b0f28.png,Fat Hen
5bd71f445.png,Common Chickweed
8cf909eb3.png,Charlock
e15472085.png,Common Chickweed
165681fd9.png,Shepherds Purse
fef2ade8c.png,Sugar beet
fd253a74e.png,Charlock
37714071b.png,Shepherds Purse
8cfd98117.png,Scentless Mayweed
c10db7ae2.png,Maize
1312065a5.png,Small-flowered Cranesbill
37297a64c.png,Common Chickweed
19618ad6a.png,Sugar beet
6a47821f9.png,Loose Silky-bent
4bbfd1e05.png,Cleavers
cec5bf198.png,Sugar beet
cfb18d262.png,Common Chickweed
0c5f6c493.png,Loose Silky-bent
8a30b2de3.png,Sugar beet
f445fe6fb.png,Charlock
e15fce4f2.png,Scentless Mayweed
5296835a0.png,Small-flowered Cranesbill
54c8bb900.png,Charlock
80e299ae9.png,Shepherds Purse
cf90fc52d.png,Maize
bffc08672.png,Scentless Mayweed
3f826b318.png,Common Chickweed
3eebd36c6.png,Charlock
a1da8be3c.png,Maize
4c7838de4.png,Small-flowered Cranesbill
0437393b1.png,Fat Hen
7a38416be.png,Charlock
91e469b4a.png,Charlock
521b27a17.png,Loose Silky-bent
6df8e31ea.png,Charlock
e721c6ac8.png,Loose Silky-bent
b130a0632.png,Cleavers
38c054379.png,Small-flowered Cranesbill
e478c452c.png,Sugar beet
b31292706.png,Common Chickweed
beebe5f4e.png,Scentless Mayweed
855955aaf.png,Small-flowered Cranesbill
8301b0547.png,Charlock
1bf9b94a6.png,Scentless Mayweed
aecfaed64.png,Shepherds Purse
a19c3faca.png,Shepherds Purse
6a41bf95b.png,Scentless Mayweed
ba3ce6b3e.png,Loose Silky-bent
a85b48a95.png,Scentless Mayweed
c5e419015.png,Scentless Mayweed
59c6a9f95.png,Shepherds Purse
caa2fbd79.png,Common Chickweed
0c27cf05f.png,Scentless Mayweed
d93c7ab6d.png,Loose Silky-bent
3d38a87bc.png,Loose Silky-bent
1c680883c.png,Common wheat
12625488b.png,Fat Hen
2dd5cfba9.png,Shepherds Purse
cb76a7766.png,Fat Hen
54b3afd58.png,Cleavers
1364b297a.png,Cleavers
99569b224.png,Common wheat
4392d93cf.png,Fat Hen
b145ba9d4.png,Scentless Mayweed
b03397525.png,Loose Silky-bent
270b939cf.png,Common Chickweed
391dcd7fd.png,Loose Silky-bent
2406d6c99.png,Shepherds Purse
e1a0e3202.png,Loose Silky-bent
c06e7c748.png,Scentless Mayweed
5e6a237f2.png,Sugar beet
dd9f36df7.png,Small-flowered Cranesbill
8b043093d.png,Small-flowered Cranesbill
5a6bf96f6.png,Maize
f85ed9b6d.png,Shepherds Purse
c8f50f0c3.png,Common wheat
63c07d340.png,Sugar beet
446f7da01.png,Loose Silky-bent
36839d5e9.png,Shepherds Purse
a060c1cf8.png,Maize
1191ba346.png,Cleavers
1821eb11a.png,Common Chickweed
5f04aed97.png,Small-flowered Cranesbill
76dbd1054.png,Scentless Mayweed
6d6eb3830.png,Shepherds Purse
20817c846.png,Scentless Mayweed
e52493d0b.png,Common wheat
f0ffa00bd.png,Sugar beet
47b7d8e17.png,Small-flowered Cranesbill
08d591441.png,Sugar beet
8faadb6a8.png,Sugar beet
7beb2766f.png,Scentless Mayweed
b944a49ca.png,Loose Silky-bent
d7017f701.png,Fat Hen
7d3045fc3.png,Sugar beet
b6a3f7876.png,Common wheat
25fa8d109.png,Fat Hen
00ef713a8.png,Common Chickweed
6982a9d30.png,Small-flowered Cranesbill
126a71ce0.png,Charlock
0c4199daa.png,Loose Silky-bent
0dba99002.png,Sugar beet
8db450ce3.png,Common Chickweed
17529c555.png,Scentless Mayweed
96f14d90c.png,Sugar beet
f33e9d918.png,Scentless Mayweed
e783f5a4f.png,Sugar beet
c0f5d9ac8.png,Small-flowered Cranesbill
c0461776c.png,Common Chickweed
ce15eee52.png,Charlock
a3d0031fd.png,Loose Silky-bent
1dc7c45df.png,Loose Silky-bent
98d819587.png,Shepherds Purse
7d4cd07ad.png,Common Chickweed
92292055d.png,Common Chickweed
f25996db8.png,Small-flowered Cranesbill
966ae5ad9.png,Loose Silky-bent
5af1d74ee.png,Sugar beet
b62dca166.png,Fat Hen
851c90831.png,Loose Silky-bent
3fbd0fc6a.png,Shepherds Purse
59f62ad1d.png,Loose Silky-bent
7506c0c02.png,Scentless Mayweed
0c45ace27.png,Common Chickweed
d515398fd.png,Loose Silky-bent
7b52585da.png,Scentless Mayweed
f9b6bfb00.png,Scentless Mayweed
770a265f5.png,Small-flowered Cranesbill
116b136de.png,Sugar beet
56112b92c.png,Small-flowered Cranesbill
8e6ec1ca6.png,Small-flowered Cranesbill
6bce55e05.png,Cleavers
aad8375e0.png,Shepherds Purse
6b721f68e.png,Loose Silky-bent
acdb75e00.png,Loose Silky-bent
4bbf1f6ea.png,Shepherds Purse
1b6a6494d.png,Sugar beet
4c8005bbc.png,Loose Silky-bent
77ccb8b2a.png,Small-flowered Cranesbill
539961189.png,Common Chickweed
cf3a8b2fd.png,Loose Silky-bent
bd789d151.png,Shepherds Purse
0885e7690.png,Common Chickweed
c0bc3997b.png,Common Chickweed
8311740de.png,Fat Hen
1376f3b63.png,Loose Silky-bent
0c51bf229.png,Maize
03a2ee656.png,Small-flowered Cranesbill
003d61042.png,Fat Hen
0caeda5df.png,Common wheat
b341d0aab.png,Common Chickweed
007b3da8b.png,Sugar beet
664194d19.png,Small-flowered Cranesbill
fbf88b6be.png,Charlock
466bb6d3b.png,Maize
f9f35cbd4.png,Common Chickweed
632156793.png,Cleavers
1c52ea820.png,Fat Hen
1d56351b2.png,Common Chickweed
65489944f.png,Shepherds Purse
abf8b0772.png,Scentless Mayweed
3d67c434b.png,Fat Hen
c6b76307d.png,Charlock
e5064f6be.png,Fat Hen
c10ccbd82.png,Common Chickweed
39c8fde99.png,Loose Silky-bent
88ac6df54.png,Loose Silky-bent
0ad9e7dfb.png,Cleavers
060450d79.png,Common Chickweed
dd5ec63d9.png,Sugar beet
219fd68d5.png,Scentless Mayweed
74fd477eb.png,Common Chickweed
60fea2ef6.png,Sugar beet
a2d25b4f3.png,Small-flowered Cranesbill
721b2c47a.png,Fat Hen
4e9d3765f.png,Charlock
3da774107.png,Fat Hen
675ec1b0b.png,Small-flowered Cranesbill
1541bdb2e.png,Maize
0911d3dee.png,Common Chickweed
e14afa235.png,Common wheat
d84d37a61.png,Common Chickweed
f1f7c833f.png,Shepherds Purse
90d119d25.png,Scentless Mayweed
ac3193f78.png,Shepherds Purse
5315c2dca.png,Loose Silky-bent
606647f64.png,Common Chickweed
3b73c3b61.png,Sugar beet
86f08e6d1.png,Fat Hen
4e18ab737.png,Cleavers
60ee66ddd.png,Cleavers
11d3f68ff.png,Loose Silky-bent
7615e52d3.png,Cleavers
de0b79659.png,Fat Hen
a38b8a581.png,Small-flowered Cranesbill
85431c075.png,Loose Silky-bent
